{
  "model": "Qwen/Qwen3-1.7B",
  "dataset_size": 500,
  "overall_accuracy": 0.806,
  "elapsed_s": 1115.4731752872467,
  "by_level": {
    "1": {
      "correct": 37,
      "total": 43,
      "accuracy": 0.8604651162790697
    },
    "2": {
      "correct": 78,
      "total": 90,
      "accuracy": 0.8666666666666667
    },
    "3": {
      "correct": 94,
      "total": 105,
      "accuracy": 0.8952380952380953
    },
    "4": {
      "correct": 102,
      "total": 128,
      "accuracy": 0.796875
    },
    "5": {
      "correct": 92,
      "total": 134,
      "accuracy": 0.6865671641791045
    }
  },
  "by_subject": {
    "Algebra": {
      "correct": 108,
      "total": 124,
      "accuracy": 0.8709677419354839
    },
    "Counting & Probability": {
      "correct": 32,
      "total": 38,
      "accuracy": 0.8421052631578947
    },
    "Geometry": {
      "correct": 31,
      "total": 41,
      "accuracy": 0.7560975609756098
    },
    "Intermediate Algebra": {
      "correct": 65,
      "total": 97,
      "accuracy": 0.6701030927835051
    },
    "Number Theory": {
      "correct": 56,
      "total": 62,
      "accuracy": 0.9032258064516129
    },
    "Prealgebra": {
      "correct": 71,
      "total": 82,
      "accuracy": 0.8658536585365854
    },
    "Precalculus": {
      "correct": 40,
      "total": 56,
      "accuracy": 0.7142857142857143
    }
  },
  "extraction_failures": 12
}