{
  "model": "/mnt/data/ujan/sparsity-checkpoints/Olmo-3-7B-Instruct-SFT/checkpoint-3000",
  "dataset_size": 500,
  "overall_accuracy": 0.57,
  "elapsed_s": 1639.2957289218903,
  "by_level": {
    "1": {
      "correct": 35,
      "total": 43,
      "accuracy": 0.813953488372093
    },
    "2": {
      "correct": 71,
      "total": 90,
      "accuracy": 0.7888888888888889
    },
    "3": {
      "correct": 69,
      "total": 105,
      "accuracy": 0.6571428571428571
    },
    "4": {
      "correct": 68,
      "total": 128,
      "accuracy": 0.53125
    },
    "5": {
      "correct": 42,
      "total": 134,
      "accuracy": 0.31343283582089554
    }
  },
  "by_subject": {
    "Algebra": {
      "correct": 89,
      "total": 124,
      "accuracy": 0.717741935483871
    },
    "Counting & Probability": {
      "correct": 21,
      "total": 38,
      "accuracy": 0.5526315789473685
    },
    "Geometry": {
      "correct": 20,
      "total": 41,
      "accuracy": 0.4878048780487805
    },
    "Intermediate Algebra": {
      "correct": 34,
      "total": 97,
      "accuracy": 0.35051546391752575
    },
    "Number Theory": {
      "correct": 40,
      "total": 62,
      "accuracy": 0.6451612903225806
    },
    "Prealgebra": {
      "correct": 59,
      "total": 82,
      "accuracy": 0.7195121951219512
    },
    "Precalculus": {
      "correct": 22,
      "total": 56,
      "accuracy": 0.39285714285714285
    }
  },
  "extraction_failures": 25
}