{
  "model": "results/sdft/Qwen3-4B-Base/checkpoint-50",
  "dataset_size": 500,
  "overall_accuracy": 0.614,
  "elapsed_s": 24.433956384658813,
  "by_level": {
    "1": {
      "correct": 33,
      "total": 43,
      "accuracy": 0.7674418604651163
    },
    "2": {
      "correct": 65,
      "total": 90,
      "accuracy": 0.7222222222222222
    },
    "3": {
      "correct": 73,
      "total": 105,
      "accuracy": 0.6952380952380952
    },
    "4": {
      "correct": 77,
      "total": 128,
      "accuracy": 0.6015625
    },
    "5": {
      "correct": 59,
      "total": 134,
      "accuracy": 0.44029850746268656
    }
  },
  "by_subject": {
    "Algebra": {
      "correct": 96,
      "total": 124,
      "accuracy": 0.7741935483870968
    },
    "Counting & Probability": {
      "correct": 19,
      "total": 38,
      "accuracy": 0.5
    },
    "Geometry": {
      "correct": 21,
      "total": 41,
      "accuracy": 0.5121951219512195
    },
    "Intermediate Algebra": {
      "correct": 41,
      "total": 97,
      "accuracy": 0.422680412371134
    },
    "Number Theory": {
      "correct": 46,
      "total": 62,
      "accuracy": 0.7419354838709677
    },
    "Prealgebra": {
      "correct": 53,
      "total": 82,
      "accuracy": 0.6463414634146342
    },
    "Precalculus": {
      "correct": 31,
      "total": 56,
      "accuracy": 0.5535714285714286
    }
  },
  "extraction_failures": 49
}