{
  "model": "/home/ujan/sparsity-analysis/results/sft/Qwen3-1.7B/checkpoint-3000",
  "dataset_size": 272,
  "overall_accuracy": 0.15073529411764705,
  "elapsed_s": 775.3472690582275,
  "by_level": {
    "0": {
      "correct": 41,
      "total": 272,
      "accuracy": 0.15073529411764705
    }
  },
  "by_subject": {
    "": {
      "correct": 41,
      "total": 272,
      "accuracy": 0.15073529411764705
    }
  },
  "extraction_failures": 27
}