{
  "model": "/home/ujan/sparsity-analysis/results/sft/Qwen3-4B-Instruct-2507/checkpoint-400",
  "dataset_size": 272,
  "overall_accuracy": 0.22426470588235295,
  "elapsed_s": 489.88755106925964,
  "by_level": {
    "0": {
      "correct": 61,
      "total": 272,
      "accuracy": 0.22426470588235295
    }
  },
  "by_subject": {
    "": {
      "correct": 61,
      "total": 272,
      "accuracy": 0.22426470588235295
    }
  },
  "extraction_failures": 27
}