{
  "model": "/mnt/data/ujan/sft-checkpoints/deepmath/Qwen3-4B-Base/checkpoint-1000",
  "dataset_size": 500,
  "overall_accuracy": 0.608,
  "elapsed_s": 280.5207049846649,
  "by_level": {
    "1": {
      "correct": 33,
      "total": 43,
      "accuracy": 0.7674418604651163
    },
    "2": {
      "correct": 67,
      "total": 90,
      "accuracy": 0.7444444444444445
    },
    "3": {
      "correct": 70,
      "total": 105,
      "accuracy": 0.6666666666666666
    },
    "4": {
      "correct": 75,
      "total": 128,
      "accuracy": 0.5859375
    },
    "5": {
      "correct": 59,
      "total": 134,
      "accuracy": 0.44029850746268656
    }
  },
  "by_subject": {
    "Algebra": {
      "correct": 95,
      "total": 124,
      "accuracy": 0.7661290322580645
    },
    "Counting & Probability": {
      "correct": 21,
      "total": 38,
      "accuracy": 0.5526315789473685
    },
    "Geometry": {
      "correct": 12,
      "total": 41,
      "accuracy": 0.2926829268292683
    },
    "Intermediate Algebra": {
      "correct": 42,
      "total": 97,
      "accuracy": 0.4329896907216495
    },
    "Number Theory": {
      "correct": 44,
      "total": 62,
      "accuracy": 0.7096774193548387
    },
    "Prealgebra": {
      "correct": 60,
      "total": 82,
      "accuracy": 0.7317073170731707
    },
    "Precalculus": {
      "correct": 30,
      "total": 56,
      "accuracy": 0.5357142857142857
    }
  },
  "extraction_failures": 123
}