{
  "model": "Qwen/Qwen2.5-3B-Instruct",
  "dataset_size": 500,
  "overall_accuracy": 0.618,
  "elapsed_s": 179.518887758255,
  "by_level": {
    "1": {
      "correct": 34,
      "total": 43,
      "accuracy": 0.7906976744186046
    },
    "2": {
      "correct": 73,
      "total": 90,
      "accuracy": 0.8111111111111111
    },
    "3": {
      "correct": 75,
      "total": 105,
      "accuracy": 0.7142857142857143
    },
    "4": {
      "correct": 73,
      "total": 128,
      "accuracy": 0.5703125
    },
    "5": {
      "correct": 54,
      "total": 134,
      "accuracy": 0.40298507462686567
    }
  },
  "by_subject": {
    "Algebra": {
      "correct": 95,
      "total": 124,
      "accuracy": 0.7661290322580645
    },
    "Counting & Probability": {
      "correct": 22,
      "total": 38,
      "accuracy": 0.5789473684210527
    },
    "Geometry": {
      "correct": 20,
      "total": 41,
      "accuracy": 0.4878048780487805
    },
    "Intermediate Algebra": {
      "correct": 38,
      "total": 97,
      "accuracy": 0.3917525773195876
    },
    "Number Theory": {
      "correct": 48,
      "total": 62,
      "accuracy": 0.7741935483870968
    },
    "Prealgebra": {
      "correct": 61,
      "total": 82,
      "accuracy": 0.7439024390243902
    },
    "Precalculus": {
      "correct": 25,
      "total": 56,
      "accuracy": 0.44642857142857145
    }
  },
  "extraction_failures": 7
}