{
  "model": "Qwen/Qwen3-4B-Thinking-2507",
  "dataset_size": 500,
  "overall_accuracy": 0.768,
  "elapsed_s": 1943.0815033912659,
  "by_level": {
    "1": {
      "correct": 34,
      "total": 43,
      "accuracy": 0.7906976744186046
    },
    "2": {
      "correct": 68,
      "total": 90,
      "accuracy": 0.7555555555555555
    },
    "3": {
      "correct": 85,
      "total": 105,
      "accuracy": 0.8095238095238095
    },
    "4": {
      "correct": 99,
      "total": 128,
      "accuracy": 0.7734375
    },
    "5": {
      "correct": 98,
      "total": 134,
      "accuracy": 0.7313432835820896
    }
  },
  "by_subject": {
    "Algebra": {
      "correct": 102,
      "total": 124,
      "accuracy": 0.8225806451612904
    },
    "Counting & Probability": {
      "correct": 34,
      "total": 38,
      "accuracy": 0.8947368421052632
    },
    "Geometry": {
      "correct": 30,
      "total": 41,
      "accuracy": 0.7317073170731707
    },
    "Intermediate Algebra": {
      "correct": 65,
      "total": 97,
      "accuracy": 0.6701030927835051
    },
    "Number Theory": {
      "correct": 61,
      "total": 62,
      "accuracy": 0.9838709677419355
    },
    "Prealgebra": {
      "correct": 67,
      "total": 82,
      "accuracy": 0.8170731707317073
    },
    "Precalculus": {
      "correct": 25,
      "total": 56,
      "accuracy": 0.44642857142857145
    }
  },
  "extraction_failures": 0
}