{
  "model": "Qwen/Qwen3-4B-Thinking-2507",
  "dataset_size": 500,
  "overall_accuracy": 0.894,
  "elapsed_s": 1399.131710767746,
  "by_level": {
    "1": {
      "correct": 37,
      "total": 43,
      "accuracy": 0.8604651162790697
    },
    "2": {
      "correct": 81,
      "total": 90,
      "accuracy": 0.9
    },
    "3": {
      "correct": 96,
      "total": 105,
      "accuracy": 0.9142857142857143
    },
    "4": {
      "correct": 114,
      "total": 128,
      "accuracy": 0.890625
    },
    "5": {
      "correct": 119,
      "total": 134,
      "accuracy": 0.8880597014925373
    }
  },
  "by_subject": {
    "Algebra": {
      "correct": 112,
      "total": 124,
      "accuracy": 0.9032258064516129
    },
    "Counting & Probability": {
      "correct": 36,
      "total": 38,
      "accuracy": 0.9473684210526315
    },
    "Geometry": {
      "correct": 36,
      "total": 41,
      "accuracy": 0.8780487804878049
    },
    "Intermediate Algebra": {
      "correct": 80,
      "total": 97,
      "accuracy": 0.8247422680412371
    },
    "Number Theory": {
      "correct": 57,
      "total": 62,
      "accuracy": 0.9193548387096774
    },
    "Prealgebra": {
      "correct": 78,
      "total": 82,
      "accuracy": 0.9512195121951219
    },
    "Precalculus": {
      "correct": 48,
      "total": 56,
      "accuracy": 0.8571428571428571
    }
  },
  "extraction_failures": 0
}