{
  "model": "google/gemma-3-4b-it",
  "dataset_size": 500,
  "overall_accuracy": 0.712,
  "elapsed_s": 35.860196352005005,
  "by_level": {
    "1": {
      "correct": 37,
      "total": 43,
      "accuracy": 0.8604651162790697
    },
    "2": {
      "correct": 74,
      "total": 90,
      "accuracy": 0.8222222222222222
    },
    "3": {
      "correct": 91,
      "total": 105,
      "accuracy": 0.8666666666666667
    },
    "4": {
      "correct": 84,
      "total": 128,
      "accuracy": 0.65625
    },
    "5": {
      "correct": 70,
      "total": 134,
      "accuracy": 0.5223880597014925
    }
  },
  "by_subject": {
    "Algebra": {
      "correct": 111,
      "total": 124,
      "accuracy": 0.8951612903225806
    },
    "Counting & Probability": {
      "correct": 26,
      "total": 38,
      "accuracy": 0.6842105263157895
    },
    "Geometry": {
      "correct": 24,
      "total": 41,
      "accuracy": 0.5853658536585366
    },
    "Intermediate Algebra": {
      "correct": 50,
      "total": 97,
      "accuracy": 0.5154639175257731
    },
    "Number Theory": {
      "correct": 48,
      "total": 62,
      "accuracy": 0.7741935483870968
    },
    "Prealgebra": {
      "correct": 66,
      "total": 82,
      "accuracy": 0.8048780487804879
    },
    "Precalculus": {
      "correct": 31,
      "total": 56,
      "accuracy": 0.5535714285714286
    }
  },
  "extraction_failures": 52
}