{
  "model": "allenai/Olmo-3-7B-Instruct-SFT",
  "dataset_size": 500,
  "overall_accuracy": 0.658,
  "elapsed_s": 1959.679435968399,
  "by_level": {
    "1": {
      "correct": 34,
      "total": 43,
      "accuracy": 0.7906976744186046
    },
    "2": {
      "correct": 72,
      "total": 90,
      "accuracy": 0.8
    },
    "3": {
      "correct": 85,
      "total": 105,
      "accuracy": 0.8095238095238095
    },
    "4": {
      "correct": 78,
      "total": 128,
      "accuracy": 0.609375
    },
    "5": {
      "correct": 60,
      "total": 134,
      "accuracy": 0.44776119402985076
    }
  },
  "by_subject": {
    "Algebra": {
      "correct": 99,
      "total": 124,
      "accuracy": 0.7983870967741935
    },
    "Counting & Probability": {
      "correct": 26,
      "total": 38,
      "accuracy": 0.6842105263157895
    },
    "Geometry": {
      "correct": 27,
      "total": 41,
      "accuracy": 0.6585365853658537
    },
    "Intermediate Algebra": {
      "correct": 43,
      "total": 97,
      "accuracy": 0.44329896907216493
    },
    "Number Theory": {
      "correct": 45,
      "total": 62,
      "accuracy": 0.7258064516129032
    },
    "Prealgebra": {
      "correct": 63,
      "total": 82,
      "accuracy": 0.7682926829268293
    },
    "Precalculus": {
      "correct": 26,
      "total": 56,
      "accuracy": 0.4642857142857143
    }
  },
  "extraction_failures": 12
}