{
  "model": "/mnt/data/ujan/sft-checkpoints/deepmath/Qwen3-1.7B-run-2/checkpoint-1500",
  "dataset_size": 500,
  "overall_accuracy": 0.51,
  "elapsed_s": 53.253045082092285,
  "by_level": {
    "1": {
      "correct": 34,
      "total": 43,
      "accuracy": 0.7906976744186046
    },
    "2": {
      "correct": 64,
      "total": 90,
      "accuracy": 0.7111111111111111
    },
    "3": {
      "correct": 57,
      "total": 105,
      "accuracy": 0.5428571428571428
    },
    "4": {
      "correct": 61,
      "total": 128,
      "accuracy": 0.4765625
    },
    "5": {
      "correct": 39,
      "total": 134,
      "accuracy": 0.291044776119403
    }
  },
  "by_subject": {
    "Algebra": {
      "correct": 92,
      "total": 124,
      "accuracy": 0.7419354838709677
    },
    "Counting & Probability": {
      "correct": 22,
      "total": 38,
      "accuracy": 0.5789473684210527
    },
    "Geometry": {
      "correct": 14,
      "total": 41,
      "accuracy": 0.34146341463414637
    },
    "Intermediate Algebra": {
      "correct": 21,
      "total": 97,
      "accuracy": 0.21649484536082475
    },
    "Number Theory": {
      "correct": 31,
      "total": 62,
      "accuracy": 0.5
    },
    "Prealgebra": {
      "correct": 56,
      "total": 82,
      "accuracy": 0.6829268292682927
    },
    "Precalculus": {
      "correct": 19,
      "total": 56,
      "accuracy": 0.3392857142857143
    }
  },
  "extraction_failures": 208
}