{
  "model": "meta-llama/Llama-3.1-8B-Instruct",
  "dataset_size": 500,
  "overall_accuracy": 0.408,
  "elapsed_s": 605.6357645988464,
  "by_level": {
    "1": {
      "correct": 32,
      "total": 43,
      "accuracy": 0.7441860465116279
    },
    "2": {
      "correct": 50,
      "total": 90,
      "accuracy": 0.5555555555555556
    },
    "3": {
      "correct": 52,
      "total": 105,
      "accuracy": 0.49523809523809526
    },
    "4": {
      "correct": 46,
      "total": 128,
      "accuracy": 0.359375
    },
    "5": {
      "correct": 24,
      "total": 134,
      "accuracy": 0.1791044776119403
    }
  },
  "by_subject": {
    "Algebra": {
      "correct": 72,
      "total": 124,
      "accuracy": 0.5806451612903226
    },
    "Counting & Probability": {
      "correct": 14,
      "total": 38,
      "accuracy": 0.3684210526315789
    },
    "Geometry": {
      "correct": 13,
      "total": 41,
      "accuracy": 0.3170731707317073
    },
    "Intermediate Algebra": {
      "correct": 22,
      "total": 97,
      "accuracy": 0.2268041237113402
    },
    "Number Theory": {
      "correct": 28,
      "total": 62,
      "accuracy": 0.45161290322580644
    },
    "Prealgebra": {
      "correct": 47,
      "total": 82,
      "accuracy": 0.573170731707317
    },
    "Precalculus": {
      "correct": 8,
      "total": 56,
      "accuracy": 0.14285714285714285
    }
  },
  "extraction_failures": 2
}