{
  "model": "meta-llama/Llama-3.1-8B-Instruct",
  "dataset_size": 500,
  "overall_accuracy": 0.432,
  "elapsed_s": 607.2225658893585,
  "by_level": {
    "1": {
      "correct": 33,
      "total": 43,
      "accuracy": 0.7674418604651163
    },
    "2": {
      "correct": 50,
      "total": 90,
      "accuracy": 0.5555555555555556
    },
    "3": {
      "correct": 55,
      "total": 105,
      "accuracy": 0.5238095238095238
    },
    "4": {
      "correct": 52,
      "total": 128,
      "accuracy": 0.40625
    },
    "5": {
      "correct": 26,
      "total": 134,
      "accuracy": 0.19402985074626866
    }
  },
  "by_subject": {
    "Algebra": {
      "correct": 75,
      "total": 124,
      "accuracy": 0.6048387096774194
    },
    "Counting & Probability": {
      "correct": 14,
      "total": 38,
      "accuracy": 0.3684210526315789
    },
    "Geometry": {
      "correct": 14,
      "total": 41,
      "accuracy": 0.34146341463414637
    },
    "Intermediate Algebra": {
      "correct": 22,
      "total": 97,
      "accuracy": 0.2268041237113402
    },
    "Number Theory": {
      "correct": 25,
      "total": 62,
      "accuracy": 0.4032258064516129
    },
    "Prealgebra": {
      "correct": 48,
      "total": 82,
      "accuracy": 0.5853658536585366
    },
    "Precalculus": {
      "correct": 18,
      "total": 56,
      "accuracy": 0.32142857142857145
    }
  },
  "extraction_failures": 95
}