{
  "model": "/home/ujan/sparsity-analysis/results/sft/Olmo-3-7B-Instruct-SFT/checkpoint-200",
  "dataset_size": 500,
  "overall_accuracy": 0.586,
  "elapsed_s": 1618.8503198623657,
  "by_level": {
    "1": {
      "correct": 33,
      "total": 43,
      "accuracy": 0.7674418604651163
    },
    "2": {
      "correct": 66,
      "total": 90,
      "accuracy": 0.7333333333333333
    },
    "3": {
      "correct": 75,
      "total": 105,
      "accuracy": 0.7142857142857143
    },
    "4": {
      "correct": 73,
      "total": 128,
      "accuracy": 0.5703125
    },
    "5": {
      "correct": 46,
      "total": 134,
      "accuracy": 0.34328358208955223
    }
  },
  "by_subject": {
    "Algebra": {
      "correct": 95,
      "total": 124,
      "accuracy": 0.7661290322580645
    },
    "Counting & Probability": {
      "correct": 23,
      "total": 38,
      "accuracy": 0.6052631578947368
    },
    "Geometry": {
      "correct": 20,
      "total": 41,
      "accuracy": 0.4878048780487805
    },
    "Intermediate Algebra": {
      "correct": 36,
      "total": 97,
      "accuracy": 0.3711340206185567
    },
    "Number Theory": {
      "correct": 39,
      "total": 62,
      "accuracy": 0.6290322580645161
    },
    "Prealgebra": {
      "correct": 63,
      "total": 82,
      "accuracy": 0.7682926829268293
    },
    "Precalculus": {
      "correct": 17,
      "total": 56,
      "accuracy": 0.30357142857142855
    }
  },
  "extraction_failures": 27
}