{
  "model": "/home/ujan/sparsity-analysis/results/rl/Qwen3-4B-Instruct-2507/checkpoint-100",
  "dataset_size": 272,
  "overall_accuracy": 0.30514705882352944,
  "elapsed_s": 215.77694392204285,
  "by_level": {
    "0": {
      "correct": 83,
      "total": 272,
      "accuracy": 0.30514705882352944
    }
  },
  "by_subject": {
    "": {
      "correct": 83,
      "total": 272,
      "accuracy": 0.30514705882352944
    }
  },
  "extraction_failures": 1
}