{
  "model": "results/sdft/Llama-3.1-8B-Instruct/checkpoint-200",
  "dataset_size": 500,
  "overall_accuracy": 0.418,
  "elapsed_s": 48.06652808189392,
  "by_level": {
    "1": {
      "correct": 28,
      "total": 43,
      "accuracy": 0.6511627906976745
    },
    "2": {
      "correct": 50,
      "total": 90,
      "accuracy": 0.5555555555555556
    },
    "3": {
      "correct": 50,
      "total": 105,
      "accuracy": 0.47619047619047616
    },
    "4": {
      "correct": 49,
      "total": 128,
      "accuracy": 0.3828125
    },
    "5": {
      "correct": 32,
      "total": 134,
      "accuracy": 0.23880597014925373
    }
  },
  "by_subject": {
    "Algebra": {
      "correct": 82,
      "total": 124,
      "accuracy": 0.6612903225806451
    },
    "Counting & Probability": {
      "correct": 9,
      "total": 38,
      "accuracy": 0.23684210526315788
    },
    "Geometry": {
      "correct": 13,
      "total": 41,
      "accuracy": 0.3170731707317073
    },
    "Intermediate Algebra": {
      "correct": 19,
      "total": 97,
      "accuracy": 0.1958762886597938
    },
    "Number Theory": {
      "correct": 21,
      "total": 62,
      "accuracy": 0.3387096774193548
    },
    "Prealgebra": {
      "correct": 52,
      "total": 82,
      "accuracy": 0.6341463414634146
    },
    "Precalculus": {
      "correct": 13,
      "total": 56,
      "accuracy": 0.23214285714285715
    }
  },
  "extraction_failures": 140
}