{
  "model": "/mnt/data/ujan/sft-checkpoints/deepmath/Qwen3-4B-run-3/checkpoint-4000",
  "dataset_size": 500,
  "overall_accuracy": 0.516,
  "elapsed_s": 88.09739303588867,
  "by_level": {
    "1": {
      "correct": 34,
      "total": 43,
      "accuracy": 0.7906976744186046
    },
    "2": {
      "correct": 66,
      "total": 90,
      "accuracy": 0.7333333333333333
    },
    "3": {
      "correct": 62,
      "total": 105,
      "accuracy": 0.5904761904761905
    },
    "4": {
      "correct": 61,
      "total": 128,
      "accuracy": 0.4765625
    },
    "5": {
      "correct": 35,
      "total": 134,
      "accuracy": 0.26119402985074625
    }
  },
  "by_subject": {
    "Algebra": {
      "correct": 95,
      "total": 124,
      "accuracy": 0.7661290322580645
    },
    "Counting & Probability": {
      "correct": 20,
      "total": 38,
      "accuracy": 0.5263157894736842
    },
    "Geometry": {
      "correct": 14,
      "total": 41,
      "accuracy": 0.34146341463414637
    },
    "Intermediate Algebra": {
      "correct": 19,
      "total": 97,
      "accuracy": 0.1958762886597938
    },
    "Number Theory": {
      "correct": 33,
      "total": 62,
      "accuracy": 0.532258064516129
    },
    "Prealgebra": {
      "correct": 60,
      "total": 82,
      "accuracy": 0.7317073170731707
    },
    "Precalculus": {
      "correct": 17,
      "total": 56,
      "accuracy": 0.30357142857142855
    }
  },
  "extraction_failures": 215
}