{
  "model": "/mnt/data/ujan/sft-checkpoints/openthoughts/Qwen3-4B-Base/checkpoint-1000",
  "dataset_size": 500,
  "overall_accuracy": 0.514,
  "elapsed_s": 336.3410167694092,
  "by_level": {
    "1": {
      "correct": 28,
      "total": 43,
      "accuracy": 0.6511627906976745
    },
    "2": {
      "correct": 55,
      "total": 90,
      "accuracy": 0.6111111111111112
    },
    "3": {
      "correct": 63,
      "total": 105,
      "accuracy": 0.6
    },
    "4": {
      "correct": 64,
      "total": 128,
      "accuracy": 0.5
    },
    "5": {
      "correct": 47,
      "total": 134,
      "accuracy": 0.35074626865671643
    }
  },
  "by_subject": {
    "Algebra": {
      "correct": 85,
      "total": 124,
      "accuracy": 0.6854838709677419
    },
    "Counting & Probability": {
      "correct": 12,
      "total": 38,
      "accuracy": 0.3157894736842105
    },
    "Geometry": {
      "correct": 16,
      "total": 41,
      "accuracy": 0.3902439024390244
    },
    "Intermediate Algebra": {
      "correct": 30,
      "total": 97,
      "accuracy": 0.30927835051546393
    },
    "Number Theory": {
      "correct": 38,
      "total": 62,
      "accuracy": 0.6129032258064516
    },
    "Prealgebra": {
      "correct": 55,
      "total": 82,
      "accuracy": 0.6707317073170732
    },
    "Precalculus": {
      "correct": 21,
      "total": 56,
      "accuracy": 0.375
    }
  },
  "extraction_failures": 160
}