{
  "model": "Qwen/Qwen3-4B-Instruct-2507",
  "dataset_size": 500,
  "overall_accuracy": 0.874,
  "elapsed_s": 2191.25350689888,
  "by_level": {
    "1": {
      "correct": 37,
      "total": 43,
      "accuracy": 0.8604651162790697
    },
    "2": {
      "correct": 81,
      "total": 90,
      "accuracy": 0.9
    },
    "3": {
      "correct": 96,
      "total": 105,
      "accuracy": 0.9142857142857143
    },
    "4": {
      "correct": 111,
      "total": 128,
      "accuracy": 0.8671875
    },
    "5": {
      "correct": 112,
      "total": 134,
      "accuracy": 0.835820895522388
    }
  },
  "by_subject": {
    "Algebra": {
      "correct": 112,
      "total": 124,
      "accuracy": 0.9032258064516129
    },
    "Counting & Probability": {
      "correct": 35,
      "total": 38,
      "accuracy": 0.9210526315789473
    },
    "Geometry": {
      "correct": 32,
      "total": 41,
      "accuracy": 0.7804878048780488
    },
    "Intermediate Algebra": {
      "correct": 76,
      "total": 97,
      "accuracy": 0.7835051546391752
    },
    "Number Theory": {
      "correct": 60,
      "total": 62,
      "accuracy": 0.967741935483871
    },
    "Prealgebra": {
      "correct": 76,
      "total": 82,
      "accuracy": 0.926829268292683
    },
    "Precalculus": {
      "correct": 46,
      "total": 56,
      "accuracy": 0.8214285714285714
    }
  },
  "extraction_failures": 3
}