{
  "model": "Qwen/Qwen3-4B-Instruct-2507",
  "dataset_size": 500,
  "overall_accuracy": 0.648,
  "elapsed_s": 41.37494730949402,
  "by_level": {
    "1": {
      "correct": 34,
      "total": 43,
      "accuracy": 0.7906976744186046
    },
    "2": {
      "correct": 66,
      "total": 90,
      "accuracy": 0.7333333333333333
    },
    "3": {
      "correct": 77,
      "total": 105,
      "accuracy": 0.7333333333333333
    },
    "4": {
      "correct": 83,
      "total": 128,
      "accuracy": 0.6484375
    },
    "5": {
      "correct": 64,
      "total": 134,
      "accuracy": 0.47761194029850745
    }
  },
  "by_subject": {
    "Algebra": {
      "correct": 95,
      "total": 124,
      "accuracy": 0.7661290322580645
    },
    "Counting & Probability": {
      "correct": 28,
      "total": 38,
      "accuracy": 0.7368421052631579
    },
    "Geometry": {
      "correct": 21,
      "total": 41,
      "accuracy": 0.5121951219512195
    },
    "Intermediate Algebra": {
      "correct": 41,
      "total": 97,
      "accuracy": 0.422680412371134
    },
    "Number Theory": {
      "correct": 57,
      "total": 62,
      "accuracy": 0.9193548387096774
    },
    "Prealgebra": {
      "correct": 61,
      "total": 82,
      "accuracy": 0.7439024390243902
    },
    "Precalculus": {
      "correct": 21,
      "total": 56,
      "accuracy": 0.375
    }
  },
  "extraction_failures": 0
}