{
  "model": "Qwen/Qwen2.5-7B-Instruct",
  "dataset_size": 500,
  "overall_accuracy": 0.728,
  "elapsed_s": 26.48922824859619,
  "by_level": {
    "1": {
      "correct": 36,
      "total": 43,
      "accuracy": 0.8372093023255814
    },
    "2": {
      "correct": 73,
      "total": 90,
      "accuracy": 0.8111111111111111
    },
    "3": {
      "correct": 90,
      "total": 105,
      "accuracy": 0.8571428571428571
    },
    "4": {
      "correct": 90,
      "total": 128,
      "accuracy": 0.703125
    },
    "5": {
      "correct": 75,
      "total": 134,
      "accuracy": 0.5597014925373134
    }
  },
  "by_subject": {
    "Algebra": {
      "correct": 110,
      "total": 124,
      "accuracy": 0.8870967741935484
    },
    "Counting & Probability": {
      "correct": 29,
      "total": 38,
      "accuracy": 0.7631578947368421
    },
    "Geometry": {
      "correct": 24,
      "total": 41,
      "accuracy": 0.5853658536585366
    },
    "Intermediate Algebra": {
      "correct": 46,
      "total": 97,
      "accuracy": 0.4742268041237113
    },
    "Number Theory": {
      "correct": 52,
      "total": 62,
      "accuracy": 0.8387096774193549
    },
    "Prealgebra": {
      "correct": 69,
      "total": 82,
      "accuracy": 0.8414634146341463
    },
    "Precalculus": {
      "correct": 34,
      "total": 56,
      "accuracy": 0.6071428571428571
    }
  },
  "extraction_failures": 4
}