{
  "model": "Qwen/Qwen3-4B-Base",
  "dataset_size": 500,
  "overall_accuracy": 0.618,
  "elapsed_s": 22.673059463500977,
  "by_level": {
    "1": {
      "correct": 33,
      "total": 43,
      "accuracy": 0.7674418604651163
    },
    "2": {
      "correct": 65,
      "total": 90,
      "accuracy": 0.7222222222222222
    },
    "3": {
      "correct": 76,
      "total": 105,
      "accuracy": 0.7238095238095238
    },
    "4": {
      "correct": 75,
      "total": 128,
      "accuracy": 0.5859375
    },
    "5": {
      "correct": 60,
      "total": 134,
      "accuracy": 0.44776119402985076
    }
  },
  "by_subject": {
    "Algebra": {
      "correct": 99,
      "total": 124,
      "accuracy": 0.7983870967741935
    },
    "Counting & Probability": {
      "correct": 18,
      "total": 38,
      "accuracy": 0.47368421052631576
    },
    "Geometry": {
      "correct": 22,
      "total": 41,
      "accuracy": 0.5365853658536586
    },
    "Intermediate Algebra": {
      "correct": 38,
      "total": 97,
      "accuracy": 0.3917525773195876
    },
    "Number Theory": {
      "correct": 47,
      "total": 62,
      "accuracy": 0.7580645161290323
    },
    "Prealgebra": {
      "correct": 57,
      "total": 82,
      "accuracy": 0.6951219512195121
    },
    "Precalculus": {
      "correct": 28,
      "total": 56,
      "accuracy": 0.5
    }
  },
  "extraction_failures": 53
}