{
  "model": "Qwen/Qwen3-4B-Base",
  "dataset_size": 500,
  "overall_accuracy": 0.624,
  "elapsed_s": 25.014551639556885,
  "by_level": {
    "1": {
      "correct": 34,
      "total": 43,
      "accuracy": 0.7906976744186046
    },
    "2": {
      "correct": 67,
      "total": 90,
      "accuracy": 0.7444444444444445
    },
    "3": {
      "correct": 76,
      "total": 105,
      "accuracy": 0.7238095238095238
    },
    "4": {
      "correct": 75,
      "total": 128,
      "accuracy": 0.5859375
    },
    "5": {
      "correct": 60,
      "total": 134,
      "accuracy": 0.44776119402985076
    }
  },
  "by_subject": {
    "Algebra": {
      "correct": 98,
      "total": 124,
      "accuracy": 0.7903225806451613
    },
    "Counting & Probability": {
      "correct": 18,
      "total": 38,
      "accuracy": 0.47368421052631576
    },
    "Geometry": {
      "correct": 21,
      "total": 41,
      "accuracy": 0.5121951219512195
    },
    "Intermediate Algebra": {
      "correct": 42,
      "total": 97,
      "accuracy": 0.4329896907216495
    },
    "Number Theory": {
      "correct": 49,
      "total": 62,
      "accuracy": 0.7903225806451613
    },
    "Prealgebra": {
      "correct": 56,
      "total": 82,
      "accuracy": 0.6829268292682927
    },
    "Precalculus": {
      "correct": 28,
      "total": 56,
      "accuracy": 0.5
    }
  },
  "extraction_failures": 47
}