{
  "model": "/mnt/data/ujan/sparsity-checkpoints/Olmo-3-7B-Instruct-SFT/checkpoint-1000",
  "dataset_size": 500,
  "overall_accuracy": 0.562,
  "elapsed_s": 1945.6176850795746,
  "by_level": {
    "1": {
      "correct": 35,
      "total": 43,
      "accuracy": 0.813953488372093
    },
    "2": {
      "correct": 69,
      "total": 90,
      "accuracy": 0.7666666666666667
    },
    "3": {
      "correct": 72,
      "total": 105,
      "accuracy": 0.6857142857142857
    },
    "4": {
      "correct": 66,
      "total": 128,
      "accuracy": 0.515625
    },
    "5": {
      "correct": 39,
      "total": 134,
      "accuracy": 0.291044776119403
    }
  },
  "by_subject": {
    "Algebra": {
      "correct": 93,
      "total": 124,
      "accuracy": 0.75
    },
    "Counting & Probability": {
      "correct": 22,
      "total": 38,
      "accuracy": 0.5789473684210527
    },
    "Geometry": {
      "correct": 21,
      "total": 41,
      "accuracy": 0.5121951219512195
    },
    "Intermediate Algebra": {
      "correct": 29,
      "total": 97,
      "accuracy": 0.29896907216494845
    },
    "Number Theory": {
      "correct": 36,
      "total": 62,
      "accuracy": 0.5806451612903226
    },
    "Prealgebra": {
      "correct": 63,
      "total": 82,
      "accuracy": 0.7682926829268293
    },
    "Precalculus": {
      "correct": 17,
      "total": 56,
      "accuracy": 0.30357142857142855
    }
  },
  "extraction_failures": 33
}