{
  "model": "/home/ujan/sparsity-analysis/results/sft/deepmath/Qwen3-4B-Base/checkpoint-100",
  "dataset_size": 500,
  "overall_accuracy": 0.5,
  "elapsed_s": 19651.80950808525,
  "by_level": {
    "1": {
      "correct": 26,
      "total": 43,
      "accuracy": 0.6046511627906976
    },
    "2": {
      "correct": 56,
      "total": 90,
      "accuracy": 0.6222222222222222
    },
    "3": {
      "correct": 57,
      "total": 105,
      "accuracy": 0.5428571428571428
    },
    "4": {
      "correct": 59,
      "total": 128,
      "accuracy": 0.4609375
    },
    "5": {
      "correct": 52,
      "total": 134,
      "accuracy": 0.3880597014925373
    }
  },
  "by_subject": {
    "Algebra": {
      "correct": 82,
      "total": 124,
      "accuracy": 0.6612903225806451
    },
    "Counting & Probability": {
      "correct": 15,
      "total": 38,
      "accuracy": 0.39473684210526316
    },
    "Geometry": {
      "correct": 17,
      "total": 41,
      "accuracy": 0.4146341463414634
    },
    "Intermediate Algebra": {
      "correct": 34,
      "total": 97,
      "accuracy": 0.35051546391752575
    },
    "Number Theory": {
      "correct": 30,
      "total": 62,
      "accuracy": 0.4838709677419355
    },
    "Prealgebra": {
      "correct": 50,
      "total": 82,
      "accuracy": 0.6097560975609756
    },
    "Precalculus": {
      "correct": 22,
      "total": 56,
      "accuracy": 0.39285714285714285
    }
  },
  "extraction_failures": 203
}